<NotepadPlus>
    <UserLang name="ahk" ext="" udlVersion="2.1">
        <Settings>
            <Global caseIgnored="yes" allowFoldOfComments="yes" foldCompact="yes" forcePureLC="0" decimalSeparator="0" />
            <Prefix Keywords1="no" Keywords2="yes" Keywords3="yes" Keywords4="no" Keywords5="yes" Keywords6="no" Keywords7="no" Keywords8="yes" />
        </Settings>
        <KeywordLists>
            <Keywords name="Comments">00; 01 02 03 04</Keywords>
            <Keywords name="Numbers, prefix1"></Keywords>
            <Keywords name="Numbers, prefix2"></Keywords>
            <Keywords name="Numbers, extras1"></Keywords>
            <Keywords name="Numbers, extras2"></Keywords>
            <Keywords name="Numbers, suffix1">,</Keywords>
            <Keywords name="Numbers, suffix2"></Keywords>
            <Keywords name="Numbers, range"></Keywords>
            <Keywords name="Operators1">&quot; := []</Keywords>
            <Keywords name="Operators2"></Keywords>
            <Keywords name="Folders in code1, open">{</Keywords>
            <Keywords name="Folders in code1, middle"></Keywords>
            <Keywords name="Folders in code1, close">}</Keywords>
            <Keywords name="Folders in code2, open"></Keywords>
            <Keywords name="Folders in code2, middle"></Keywords>
            <Keywords name="Folders in code2, close"></Keywords>
            <Keywords name="Folders in comment, open"></Keywords>
            <Keywords name="Folders in comment, middle"></Keywords>
            <Keywords name="Folders in comment, close"></Keywords>
            <Keywords name="Keywords1">bind&#x000D;&#x000A;else&#x000D;&#x000A;if&#x000D;&#x000A;while&#x000D;&#x000A;case&#x000D;&#x000A;switch&#x000D;&#x000A;loop&#x000D;&#x000A;for&#x000D;&#x000A;in&#x000D;&#x000A;not&#x000D;&#x000A;files&#x000D;&#x000A;default:</Keywords>
            <Keywords name="Keywords2">echo&#x000D;&#x000A;sensitivity&#x000D;&#x000A;wait&#x000D;&#x000A;say&#x000D;&#x000A;callvote&#x000D;&#x000A;lastdisguise&#x000D;&#x000A;toggleconsole&#x000D;&#x000A;changeclass&#x000D;&#x000A;changeteam&#x000D;&#x000A;explode&#x000D;&#x000A;cancelselect&#x000D;&#x000A;disconnect&#x000D;&#x000A;centerview&#x000D;&#x000A;voice_menu_1&#x000D;&#x000A;voice_menu_2&#x000D;&#x000A;voice_menu_3&#x000D;&#x000A;voicemenu&#x000D;&#x000A;load_itempreset&#x000D;&#x000A;disguise&#x000D;&#x000A;quit prompt&#x000D;&#x000A;slot1&#x000D;&#x000A;slot2&#x000D;&#x000A;slot3&#x000D;&#x000A;slot4&#x000D;&#x000A;slot5&#x000D;&#x000A;slot6&#x000D;&#x000A;slot7&#x000D;&#x000A;slot8&#x000D;&#x000A;slot9&#x000D;&#x000A;slot10&#x000D;&#x000A;dropitem&#x000D;&#x000A;open_charinfo_direct&#x000D;&#x000A;open_charinfo_backpack&#x000D;&#x000A;hud_&#x000D;&#x000A;snd_&#x000D;&#x000A;lastinv&#x000D;&#x000A;preveinv&#x000D;&#x000A;cl_trigger_first_notification&#x000D;&#x000A;cl_decline_first_notification&#x000D;&#x000A;abuse_&#x000D;&#x000A;vr_&#x000D;&#x000A;replay_&#x000D;&#x000A;pause&#x000D;&#x000A;build&#x000D;&#x000A;destroy&#x000D;&#x000A;voice_enable&#x000D;&#x000A;volume&#x000D;&#x000A;show_&#x000D;&#x000A;global&#x000D;&#x000A;&#x000D;&#x000A;</Keywords>
            <Keywords name="Keywords3">net&#x000D;&#x000A;mat&#x000D;&#x000A;fps&#x000D;&#x000A;cl_&#x000D;&#x000A;rate&#x000D;&#x000A;r_&#x000D;&#x000A;sv_&#x000D;&#x000A;sleep&#x000D;&#x000A;send&#x000D;&#x000A;set&#x000D;&#x000A;click&#x000D;&#x000A;msg&#x000D;&#x000A;input&#x000D;&#x000A;random&#x000D;&#x000A;strget&#x000D;&#x000A;format&#x000D;&#x000A;suspend&#x000D;&#x000A;soundplay&#x000D;&#x000A;InstallKeybdHook&#x000D;&#x000A;CoordMode&#x000D;&#x000A;MouseGetPos&#x000D;&#x000A;MouseClick&#x000D;&#x000A;click&#x000D;&#x000A;run&#x000D;&#x000A;FileExist&#x000D;&#x000A;FileCopy&#x000D;&#x000A;FileOpen&#x000D;&#x000A;filemove&#x000D;&#x000A;fileread&#x000D;&#x000A;StrSplit&#x000D;&#x000A;DirExist&#x000D;&#x000A;substr&#x000D;&#x000A;trim&#x000D;&#x000A;strreplace&#x000D;&#x000A;strtitle&#x000D;&#x000A;strlower&#x000D;&#x000A;RegWrite</Keywords>
            <Keywords name="Keywords4">alias&#x000D;&#x000A;return</Keywords>
            <Keywords name="Keywords5">+&#x000D;&#x000A;-&#x000D;&#x000A;#&#x000D;&#x000A;</Keywords>
            <Keywords name="Keywords6">unbindall&#x000D;&#x000A;</Keywords>
            <Keywords name="Keywords7">a&#x000D;&#x000A;b&#x000D;&#x000A;c&#x000D;&#x000A;d&#x000D;&#x000A;e&#x000D;&#x000A;f&#x000D;&#x000A;g&#x000D;&#x000A;h&#x000D;&#x000A;i&#x000D;&#x000A;j&#x000D;&#x000A;k&#x000D;&#x000A;l&#x000D;&#x000A;m&#x000D;&#x000A;n&#x000D;&#x000A;o&#x000D;&#x000A;p&#x000D;&#x000A;q&#x000D;&#x000A;r&#x000D;&#x000A;s&#x000D;&#x000A;t&#x000D;&#x000A;u&#x000D;&#x000A;v&#x000D;&#x000A;w&#x000D;&#x000A;x&#x000D;&#x000A;y&#x000D;&#x000A;z&#x000D;&#x000A;f1&#x000D;&#x000A;f2&#x000D;&#x000A;f3&#x000D;&#x000A;f4&#x000D;&#x000A;f5&#x000D;&#x000A;f6&#x000D;&#x000A;f7&#x000D;&#x000A;f8&#x000D;&#x000A;f9&#x000D;&#x000A;f10&#x000D;&#x000A;f11&#x000D;&#x000A;f12&#x000D;&#x000A;uparrow&#x000D;&#x000A;downarrow&#x000D;&#x000A;leftarrow&#x000D;&#x000A;rightarrow&#x000D;&#x000A;mouse1&#x000D;&#x000A;mouse2&#x000D;&#x000A;mouse3&#x000D;&#x000A;mouse4&#x000D;&#x000A;mouse5&#x000D;&#x000A;mwheelup&#x000D;&#x000A;mwheeldown&#x000D;&#x000A;=&#x000D;&#x000A;[&#x000D;&#x000A;]&#x000D;&#x000A;\&#x000D;&#x000A;,&#x000D;&#x000A;.&#x000D;&#x000A;/&#x000D;&#x000A;space&#x000D;&#x000A;backspace&#x000D;&#x000A;tab&#x000D;&#x000A;escape&#x000D;&#x000A;ins&#x000D;&#x000A;del&#x000D;&#x000A;end&#x000D;&#x000A;pgup&#x000D;&#x000A;pgdn&#x000D;&#x000A;alt&#x000D;&#x000A;ctrl&#x000D;&#x000A;</Keywords>
            <Keywords name="Keywords8">kp_&#x000D;&#x000A;$&#x000D;&#x000A;</Keywords>
            <Keywords name="Delimiters">00( 01 02) 03&quot; 04 05&quot; 06 07 08 09 10 11 12 13 14 15 16 17 18 19 20 21 22 23</Keywords>
        </KeywordLists>
        <Styles>
            <WordsStyle name="DEFAULT" fgColor="C0C0C0" bgColor="3F3F3F" fontName="Arial" fontStyle="1" nesting="0" />
            <WordsStyle name="COMMENTS" fgColor="000000" bgColor="FFFFFF" fontStyle="0" nesting="0" />
            <WordsStyle name="LINE COMMENTS" fgColor="008000" bgColor="3F3F3F" fontStyle="1" nesting="0" />
            <WordsStyle name="NUMBERS" fgColor="C6C600" bgColor="3F3F3F" fontStyle="0" nesting="0" />
            <WordsStyle name="KEYWORDS1" fgColor="0000FF" bgColor="3F3F3F" fontStyle="1" nesting="0" />
            <WordsStyle name="KEYWORDS2" fgColor="FF0080" bgColor="3F3F3F" fontStyle="1" nesting="0" />
            <WordsStyle name="KEYWORDS3" fgColor="B500B5" bgColor="3F3F3F" fontStyle="1" nesting="0" />
            <WordsStyle name="KEYWORDS4" fgColor="0080C0" bgColor="3F3F3F" fontStyle="1" nesting="0" />
            <WordsStyle name="KEYWORDS5" fgColor="E765ED" bgColor="3F3F3F" fontStyle="1" nesting="0" />
            <WordsStyle name="KEYWORDS6" fgColor="FF0000" bgColor="00FF00" fontStyle="1" fontSize="12" nesting="0" />
            <WordsStyle name="KEYWORDS7" fgColor="00FF40" bgColor="3F3F3F" fontStyle="1" nesting="0" />
            <WordsStyle name="KEYWORDS8" fgColor="00FF40" bgColor="3F3F3F" fontStyle="1" nesting="0" />
            <WordsStyle name="OPERATORS" fgColor="FF8000" bgColor="3F3F3F" fontStyle="1" nesting="0" />
            <WordsStyle name="FOLDER IN CODE1" fgColor="FF8000" bgColor="FFFFFF" colorStyle="1" fontStyle="0" nesting="0" />
            <WordsStyle name="FOLDER IN CODE2" fgColor="000000" bgColor="FFFFFF" fontStyle="0" nesting="0" />
            <WordsStyle name="FOLDER IN COMMENT" fgColor="000000" bgColor="FFFFFF" fontStyle="0" nesting="0" />
            <WordsStyle name="DELIMITERS1" fgColor="00C800" bgColor="4D4D4D" colorStyle="1" fontStyle="0" nesting="0" />
            <WordsStyle name="DELIMITERS2" fgColor="1188FF" bgColor="505050" colorStyle="1" fontStyle="0" nesting="0" />
            <WordsStyle name="DELIMITERS3" fgColor="000000" bgColor="FFFFFF" fontStyle="0" nesting="0" />
            <WordsStyle name="DELIMITERS4" fgColor="000000" bgColor="FFFFFF" fontStyle="0" nesting="0" />
            <WordsStyle name="DELIMITERS5" fgColor="000000" bgColor="FFFFFF" fontStyle="0" nesting="0" />
            <WordsStyle name="DELIMITERS6" fgColor="000000" bgColor="FFFFFF" fontStyle="0" nesting="0" />
            <WordsStyle name="DELIMITERS7" fgColor="000000" bgColor="FFFFFF" fontStyle="0" nesting="0" />
            <WordsStyle name="DELIMITERS8" fgColor="000000" bgColor="FFFFFF" fontStyle="0" nesting="0" />
        </Styles>
    </UserLang>
</NotepadPlus>
